"","ticker","Rank","Company","Weight","X","conm","gvkey","cik","cusip","fyear"
"1","AAL",467,"American Airlines Group Inc.",0.026195,6823,"AMERICAN AIRLINES GROUP INC",1045,6201,"02376R102",1990
"2","AAPL",1,"Apple Inc.",7.13518,8483,"APPLE INC",1690,320193,"037833100",1990
"3","ABMD",413,"ABIOMED Inc.",0.038389,7066,"ABIOMED INC",13619,815094,"003654100",1990
"4","ABT",34,"Abbott Laboratories",0.551666,9336,"ABBOTT LABORATORIES",1078,1800,"002824100",1990
"5","ADBE",29,"Adobe Incorporated",0.561778,7147,"ADOBE INC",12540,796343,"00724F101",1990
"6","ADI",84,"Analog Devices Inc.",0.259498,255,"ANALOG DEVICES INC",1632,6281,"032654105",1990
"7","ADM",158,"Archer-Daniels-Midland Company",0.135102,4831,"ARCHER-DANIELS-MIDLAND CO",1722,7084,"039483102",1990
"8","ADP",71,"Automatic Data Processing Inc.",0.29231,8251,"AUTOMATIC DATA PROCESSING",1891,8670,"053015103",1990
"9","ADSK",156,"Autodesk Inc.",0.137083,9393,"AUTODESK INC",1878,769397,"052769106",1990
"10","AEE",286,"Ameren Corporation",0.068674,4844,"AMEREN CORP",10860,1002910,"023608102",1990
"11","AEP",149,"American Electric Power Company Inc.",0.146644,8202,"AMERICAN ELECTRIC POWER CO",1440,4904,"025537101",1990
"12","AES",390,"AES Corporation",0.042682,9565,"AES CORP (THE)",24216,874761,"00130H105",1990
"13","AFL",211,"Aflac Incorporated",0.10194,3154,"AFLAC INC",1449,4977,"001055102",1990
"14","AIG",181,"American International Group Inc.",0.116504,1889,"AMERICAN INTERNATIONAL GROUP",1487,5272,"026874784",1990
"15","AJG",204,"Arthur J. Gallagher & Co.",0.103896,8973,"ARTHUR J GALLAGHER & CO",4973,354190,"363576109",1990
"16","ALK",495,"Alaska Air Group Inc.",0.016034,2417,"ALASKA AIR GROUP INC",1230,766421,"011659109",1990
"17","AMAT",79,"Applied Materials Inc.",0.269679,898,"APPLIED MATERIALS INC",1704,6951,"038222105",1990
"18","AMCR",336,"Amcor PLC",0.055787,6676,"AMCOR PLC",100243,1748790,"G0250X107",1990
"19","AMD",44,"Advanced Micro Devices Inc.",0.466626,8015,"ADVANCED MICRO DEVICES",1161,2488,"007903107",1990
"20","AME",249,"AMETEK Inc.",0.083157,553,"AMETEK INC",1598,1037868,"031100100",1990
"21","AMGN",54,"Amgen Inc.",0.37787,2795,"AMGEN INC",1602,318154,"031162100",1990
"22","AON",125,"Aon Plc Class A",0.172616,4178,"AON PLC",3221,315293,"G0403H108",1990
"23","AOS",481,"A. O. Smith Corporation",0.023217,5785,"SMITH (A.O.)",9771,91142,"831865209",1990
"24","APA",430,"APA Corp.",0.035244,9226,"APA CORP",1678,1841666,"03743Q108",1990
"25","APD",140,"Air Products and Chemicals Inc.",0.157014,7340,"AIR PRODUCTS & CHEMICALS INC",1209,2969,"009158106",1990
"26","APH",162,"Amphenol Corporation Class A",0.131769,6178,"AMPHENOL CORP",14282,820313,"032095101",1990
"27","ATO",359,"Atmos Energy Corporation",0.048421,6008,"ATMOS ENERGY CORP",4383,731802,"049560105",1990
"28","AVY",375,"Avery Dennison Corporation",0.045512,5543,"AVERY DENNISON CORP",1913,8818,"053611109",1990
"29","AXP",80,"American Express Company",0.268189,137,"AMERICAN EXPRESS CO",1447,4962,"025816109",1990
"30","AZO",174,"AutoZone Inc.",0.123963,5631,"AUTOZONE INC",23809,866787,"053332102",1990
"31","BA",82,"Boeing Company",0.263344,4083,"BOEING CO",2285,12927,"097023105",1990
"32","BAC",25,"Bank of America Corp",0.67934,3811,"BANK OF AMERICA CORP",7647,70858,"060505104",1990
"33","BALL",291,"Ball Corporation",0.067598,6515,"BALL CORP",1988,9389,"058498106",1990
"34","BAX",244,"Baxter International Inc.",0.08598,7682,"BAXTER INTERNATIONAL INC",2086,10456,"071813109",1990
"35","BBWI",469,"Bath & Body Works Inc.",0.025604,9610,"BATH & BODY WORKS INC",6733,701985,"070830104",1990
"36","BBY",384,"Best Buy Co. Inc.",0.043809,8634,"BEST BUY CO INC",2184,764478,"086516101",1990
"37","BDX",108,"Becton Dickinson and Company",0.200145,3849,"BECTON DICKINSON & CO",2111,10795,"075887109",1990
"38","BEN",486,"Franklin Resources Inc.",0.02168,3740,"FRANKLIN RESOURCES INC",4885,38777,"354613101",1990
"39","BF.B",412,"Brown-Forman Corporation Class B",0.039142,7591,"BROWN FORMAN CORP",2435,14693,"115637209",1990
"40","BIIB",238,"Biogen Inc.",0.088644,1308,"BIOGEN INC",24468,875045,"09062X103",1990
"41","BIO",437,"Bio-Rad Laboratories Inc. Class A",0.033925,4368,"BIO-RAD LABORATORIES INC",2220,12208,"090572207",1990
"42","BK",229,"Bank of New York Mellon Corp",0.091899,444,"BANK OF NEW YORK MELLON CORP",2019,1390777,"064058100",1990
"43","BMY",45,"Bristol-Myers Squibb Company",0.452471,2595,"BRISTOL-MYERS SQUIBB CO",2403,14272,"110122108",1990
"44","BRK.B",7,"Berkshire Hathaway Inc. Class B",1.532969,5999,"BERKSHIRE HATHAWAY",2176,1067983,"084670702",1990
"45","BRO",392,"Brown & Brown Inc.",0.042346,9155,"BROWN & BROWN INC",15417,79282,"115236101",1990
"46","C",72,"Citigroup Inc.",0.285813,143,"CITIGROUP INC",3243,831001,"172967424",1990
"47","CAG",365,"Conagra Brands Inc.",0.047221,8789,"CONAGRA BRANDS INC",3362,23217,"205887102",1990
"48","CAH",360,"Cardinal Health Inc.",0.048346,2315,"CARDINAL HEALTH INC",2751,721371,"14149Y108",1990
"49","CAT",74,"Caterpillar Inc.",0.283866,1597,"CATERPILLAR INC",2817,18230,"149123101",1990
"50","CCL",465,"Carnival Corporation",0.026447,1636,"CARNIVAL CORPORATION & PLC",13498,815097,"143658300",1990
"51","CDNS",150,"Cadence Design Systems Inc.",0.14629,6435,"CADENCE DESIGN SYSTEMS INC",13421,813672,"127387108",1990
"52","CHD",314,"Church & Dwight Co. Inc.",0.061337,9525,"CHURCH & DWIGHT INC",3026,313927,"171340102",1990
"53","CI",85,"Cigna Corporation",0.249772,2328,"CIGNA CORP",2547,1739940,"125523100",1990
"54","CINF",404,"Cincinnati Financial Corporation",0.040869,7808,"CINCINNATI FINANCIAL CORP",14824,20286,"172062101",1990
"55","CL",110,"Colgate-Palmolive Company",0.195103,706,"COLGATE-PALMOLIVE CO",3170,21665,"194162103",1990
"56","CLX",350,"Clorox Company",0.050881,5565,"CLOROX CO/DE",3121,21076,"189054109",1990
"57","CMA",450,"Comerica Incorporated",0.029365,6267,"COMERICA INC",3231,28412,"200340107",1990
"58","CMCSA",39,"Comcast Corporation Class A",0.488528,780,"COMCAST CORP",3226,1166691,"20030N101",1990
"59","CMI",232,"Cummins Inc.",0.090485,2662,"CUMMINS INC",3650,26172,"231021106",1990
"60","CMS",328,"CMS Energy Corporation",0.057698,7647,"CMS ENERGY CORP",3439,811156,"125896100",1990
"61","CNP",330,"CenterPoint Energy Inc.",0.057561,879,"CENTERPOINT ENERGY INC",5742,1130310,"15189T107",1990
"62","COO",372,"Cooper Companies Inc.",0.046084,2667,"COOPER COS INC (THE)",3504,711404,"216648402",1990
"63","COP",62,"ConocoPhillips",0.355275,6163,"CONOCOPHILLIPS",8549,1163165,"20825C104",1990
"64","CPB",453,"Campbell Soup Company",0.028985,4529,"CAMPBELL SOUP CO",2663,16732,"134429109",1990
"65","CSCO",35,"Cisco Systems Inc.",0.541178,3874,"CISCO SYSTEMS INC",20779,858877,"17275R102",1990
"66","CSX",106,"CSX Corporation",0.202725,5164,"CSX CORP",2574,277948,"126408103",1990
"67","CTAS",195,"Cintas Corporation",0.107858,9161,"CINTAS CORP",3062,723254,"172908105",1990
"68","CTRA",285,"Coterra Energy Inc.",0.068768,3919,"COTERRA ENERGY INC",20548,858470,"127097103",1990
"69","CVS",58,"CVS Health Corporation",0.362286,3969,"CVS HEALTH CORP",7241,64803,"126650100",1990
"70","CVX",16,"Chevron Corporation",0.906813,5043,"CHEVRON CORP",2991,93410,"166764100",1990
"71","D",111,"Dominion Energy Inc",0.192481,6527,"DOMINION ENERGY INC",4029,715957,"25746U109",1990
"72","DAL",326,"Delta Air Lines Inc.",0.05867,7667,"DELTA AIR LINES INC",3851,27904,"247361702",1990
"73","DD",241,"DuPont de Nemours Inc.",0.08733,5835,"DUPONT DE NEMOURS INC",4060,1666700,"26614N102",1990
"74","DE",78,"Deere & Company",0.270299,5212,"DEERE & CO",3835,315189,"244199105",1990
"75","DG",134,"Dollar General Corporation",0.16629,508,"DOLLAR GENERAL CORP",4016,29534,"256677105",1990
"76","DHR",37,"Danaher Corporation",0.535857,8915,"DANAHER CORP",3735,313616,"235851102",1990
"77","DIS",32,"Walt Disney Company",0.553138,8176,"DISNEY (WALT) CO",3980,1744489,"254687106",1990
"78","DOV",341,"Dover Corporation",0.054385,1462,"DOVER CORP",4058,29905,"260003108",1990
"79","DRE",293,"Duke Realty Corporation",0.067291,4412,"DUKE REALTY CORP",13510,783280,"264411505",1990
"80","DTE",275,"DTE Energy Company",0.072536,4348,"DTE ENERGY CO",3897,936340,"233331107",1990
"81","DUK",87,"Duke Energy Corporation",0.244759,9513,"DUKE ENERGY CORP",4093,1326160,"26441C204",1990
"82","DVN",194,"Devon Energy Corporation",0.107926,76,"DEVON ENERGY CORP",14934,1090012,"25179M103",1990
"83","DXC",484,"DXC Technology Co.",0.022349,9175,"DXC TECHNOLOGY CO",3336,1688568,"23355L106",1990
"84","EA",202,"Electronic Arts Inc.",0.105127,5617,"ELECTRONIC ARTS INC",16721,712515,"285512109",1990
"85","ECL",177,"Ecolab Inc.",0.118586,852,"ECOLAB INC",4213,31462,"278865100",1990
"86","ED",215,"Consolidated Edison Inc.",0.100125,5966,"CONSOLIDATED EDISON INC",3413,1047862,"209115104",1990
"87","EFX",276,"Equifax Inc.",0.072405,9012,"EQUIFAX INC",4423,33185,"294429105",1990
"88","EIX",270,"Edison International",0.075074,2494,"EDISON INTERNATIONAL",9846,827052,"281020107",1990
"89","EMR",141,"Emerson Electric Co.",0.153509,2457,"EMERSON ELECTRIC CO",4321,32604,"291011104",1990
"90","EOG",118,"EOG Resources Inc.",0.181397,9014,"EOG RESOURCES INC",16478,821189,"26875P101",1990
"91","ES",235,"Eversource Energy",0.089353,5741,"EVERSOURCE ENERGY",7970,72741,"30040W108",1990
"92","ETN",131,"Eaton Corp. Plc",0.168151,2725,"EATON CORP PLC",4199,1551182,"G29183103",1990
"93","ETR",290,"Entergy Corporation",0.067893,5243,"ENTERGY CORP",7366,65984,"29364G103",1990
"94","EVRG",380,"Evergy Inc.",0.044828,9416,"EVERGY INC",6338,1711269,"30034W106",1990
"95","EXC",164,"Exelon Corporation",0.12913,5927,"EXELON CORP",8539,1109357,"30161N101",1990
"96","EXPD",351,"Expeditors International of Washington Inc.",0.050055,4965,"EXPEDITORS INTL WASH INC",4494,746515,"302130109",1990
"97","F",126,"Ford Motor Company",0.172461,3711,"FORD MOTOR CO",4839,37996,"345370860",1990
"98","FAST",246,"Fastenal Company",0.084594,7284,"FASTENAL CO",14225,815556,"311900104",1990
"99","FCX",173,"Freeport-McMoRan Inc.",0.12414,8300,"FREEPORT-MCMORAN INC",14590,831259,"35671D857",1990
"100","FDX",138,"FedEx Corporation",0.161311,6943,"FEDEX CORP",4598,1048911,"31428X106",1990
"101","FE",298,"FirstEnergy Corp.",0.06544,3435,"FIRSTENERGY CORP",8099,1031296,"337932107",1990
"102","FISV",122,"Fiserv Inc.",0.179225,8357,"FISERV INC",12635,798354,"337738108",1990
"103","FITB",294,"Fifth Third Bancorp",0.066464,1120,"FIFTH THIRD BANCORP",4640,35527,"316773100",1990
"104","FMC",410,"FMC Corporation",0.039392,5071,"FMC CORP",4510,37785,"302491303",1990
"105","FRC",253,"First Republic Bank",0.082342,3094,"FIRST REPUBLIC BANK",14275,1132979,"33616C100",1990
"106","FRT",489,"Federal Realty Investment Trust",0.021021,6171,"FEDERAL REALTY INVESTMENT TR",4605,34903,"313745101",1990
"107","GD",143,"General Dynamics Corporation",0.151029,2568,"GENERAL DYNAMICS CORP",5046,40533,"369550108",1990
"108","GE",90,"General Electric Company",0.236434,6673,"GENERAL ELECTRIC CO",5047,40545,"369604301",1990
"109","GILD",99,"Gilead Sciences Inc.",0.216021,8452,"GILEAD SCIENCES INC",24856,882095,"375558103",1990
"110","GIS",161,"General Mills Inc.",0.132215,783,"GENERAL MILLS INC",5071,40704,"370334104",1990
"111","GL",466,"Globe Life Inc.",0.026392,3674,"GLOBE LIFE INC",10614,320335,"37959E102",1990
"112","GLW",261,"Corning Inc",0.079607,2716,"CORNING INC",3532,24741,"219350105",1990
"113","GM",142,"General Motors Company",0.152773,6152,"GENERAL MOTORS CO",5073,1467858,"37045V100",1990
"114","GPC",309,"Genuine Parts Company",0.062227,1420,"GENUINE PARTS CO",5125,40987,"372460105",1990
"115","GWW",288,"W.W. Grainger Inc.",0.068202,6103,"GRAINGER (W W) INC",5256,277135,"384802104",1990
"116","HAL",272,"Halliburton Company",0.074327,7170,"HALLIBURTON CO",5439,45012,"406216101",1990
"117","HAS",452,"Hasbro Inc.",0.029115,7719,"HASBRO INC",5518,46080,"418056107",1990
"118","HBAN",339,"Huntington Bancshares Incorporated",0.055151,8965,"HUNTINGTON BANCSHARES",5786,49196,"446150104",1990
"119","HCA",154,"HCA Healthcare Inc",0.139547,777,"HCA HEALTHCARE INC",22260,860730,"40412C101",1990
"120","HD",17,"Home Depot Inc.",0.901187,2999,"HOME DEPOT INC",5680,354950,"437076102",1990
"121","HES",239,"Hess Corporation",0.08806,8378,"HESS CORP",1380,4447,"42809H107",1990
"122","HLT",205,"Hilton Worldwide Holdings Inc",0.103346,3134,"HILTON WORLDWIDE HOLDINGS",5643,1585689,"43300A203",1990
"123","HOLX",347,"Hologic Inc.",0.052121,961,"HOLOGIC INC",20904,859737,"436440101",1990
"124","HON",55,"Honeywell International Inc.",0.373367,4193,"HONEYWELL INTERNATIONAL INC",1300,773840,"438516106",1990
"125","HPQ",216,"HP Inc.",0.100019,7218,"HP INC",5606,47217,"40434L105",1990
"126","HRL",408,"Hormel Foods Corporation",0.040271,7193,"HORMEL FOODS CORP",5709,48465,"440452100",1990
"127","HST",428,"Host Hotels & Resorts Inc.",0.035419,4665,"HOST HOTELS & RESORTS INC",7063,1070750,"44107P104",1990
"128","HSY",222,"Hershey Company",0.095997,2281,"HERSHEY CO",5597,47111,"427866108",1990
"129","IBM",64,"International Business Machines Corporation",0.343829,6451,"INTL BUSINESS MACHINES CORP",6066,51143,"459200101",1990
"130","IDXX",221,"IDEXX Laboratories Inc.",0.097813,3467,"IDEXX LABS INC",24197,874716,"45168D104",1990
"131","IEX",377,"IDEX Corporation",0.045239,5215,"IDEX CORP",15267,832101,"45167R104",1990
"132","IFF",230,"International Flavors & Fragrances Inc.",0.091285,5362,"INTL FLAVORS & FRAGRANCES",6078,51253,"459506101",1990
"133","INTC",48,"Intel Corporation",0.427029,708,"INTEL CORP",6008,50863,"458140100",1990
"134","IP",376,"International Paper Company",0.04551,9583,"INTL PAPER CO",6104,51434,"460146103",1990
"135","IPG",442,"Interpublic Group of Companies Inc.",0.033333,8644,"INTERPUBLIC GROUP OF COS",6136,51644,"460690100",1990
"136","IT",283,"Gartner Inc.",0.068864,2745,"GARTNER INC",12441,749251,"366651107",1990
"137","ITW",130,"Illinois Tool Works Inc.",0.169278,3949,"ILLINOIS TOOL WORKS",5878,49826,"452308109",1990
"138","J",362,"Jacobs Engineering Group Inc.",0.047962,4620,"JACOBS SOLUTIONS INC",6216,52988,"46982L108",1990
"139","JBHT",387,"J.B. Hunt Transport Services Inc.",0.043307,8455,"HUNT (JB) TRANSPRT SVCS INC",5783,728535,"445658107",1990
"140","JCI",193,"Johnson Controls International plc",0.109262,5400,"JOHNSON CONTROLS INTL PLC",6268,833444,"G51502105",1990
"141","JKHY",385,"Jack Henry & Associates Inc.",0.043737,9250,"HENRY (JACK) & ASSOCIATES",11811,779152,"426281101",1990
"142","JNJ",10,"Johnson & Johnson",1.319622,7,"JOHNSON & JOHNSON",6266,200406,"478160104",1990
"143","JPM",15,"JPMorgan Chase & Co.",0.957648,2625,"JPMORGAN CHASE & CO",2968,19617,"46625H100",1990
"144","K",343,"Kellogg Company",0.054068,3333,"KELLOGG CO",6375,55067,"487836108",1990
"145","KEY",361,"KeyCorp",0.048299,9227,"KEYCORP",9783,91576,"493267108",1990
"146","KHC",268,"Kraft Heinz Company",0.075809,3066,"KRAFT HEINZ CO",5568,1637459,"500754106",1990
"147","KIM",415,"Kimco Realty Corporation",0.038114,7575,"KIMCO REALTY CORP",24731,879101,"49446R109",1990
"148","KLAC",133,"KLA Corporation",0.167241,257,"KLA CORP",6304,319201,"482480100",1990
"149","KMB",165,"Kimberly-Clark Corporation",0.129068,8213,"KIMBERLY-CLARK CORP",6435,55785,"494368103",1990
"150","KMI",214,"Kinder Morgan Inc Class P",0.100143,6062,"KINDER MORGAN INC",6310,1506307,"49456B101",1990
"151","KO",21,"Coca-Cola Company",0.720086,1248,"COCA-COLA CO",3144,21344,"191216100",1990
"152","KR",237,"Kroger Co.",0.089004,7540,"KROGER CO",6502,56873,"501044101",1990
"153","L",445,"Loews Corporation",0.031381,5035,"LOEWS CORP",6781,60086,"540424108",1990
"154","LEN",312,"Lennar Corporation Class A",0.062002,1736,"LENNAR CORP",6669,920760,"526057104",1990
"155","LH",289,"Laboratory Corporation of America Holdings",0.067995,6583,"LABORATORY CP OF AMER HLDGS",14960,920148,"50540R409",1990
"156","LHX",157,"L3Harris Technologies Inc",0.136467,948,"L3HARRIS TECHNOLOGIES INC",5492,202058,"502431109",1990
"157","LLY",20,"Eli Lilly and Company",0.732339,8371,"LILLY (ELI) & CO",6730,59478,"532457108",1990
"158","LMT",70,"Lockheed Martin Corporation",0.294508,4190,"LOCKHEED MARTIN CORP",6774,936468,"539830109",1990
"159","LNC",475,"Lincoln National Corporation",0.024632,4134,"LINCOLN NATIONAL CORP",6742,59558,"534187109",1990
"160","LNT",383,"Alliant Energy Corp",0.043826,1493,"ALLIANT ENERGY CORP",11554,352541,"018802108",1990
"161","LOW",60,"Lowe's Companies Inc.",0.360358,6552,"LOWE'S COS INC",6829,60667,"548661107",1990
"162","LRCX",105,"Lam Research Corporation",0.202819,7730,"LAM RESEARCH CORP",6565,707549,"512807108",1990
"163","LUMN",457,"Lumen Technologies Inc.",0.028635,3015,"LUMEN TECHNOLOGIES INC",2884,18926,"550241103",1990
"164","LUV",301,"Southwest Airlines Co.",0.064135,6307,"SOUTHWEST AIRLINES",9882,92380,"844741108",1990
"165","MAS",421,"Masco Corporation",0.03695,7504,"MASCO CORP",7085,62996,"574599106",1990
"166","MCD",30,"McDonald's Corporation",0.559893,1863,"MCDONALD'S CORP",7154,63908,"580135101",1990
"167","MCK",153,"McKesson Corporation",0.141267,7866,"MCKESSON CORP",7171,927653,"58155Q103",1990
"168","MDT",59,"Medtronic Plc",0.362127,4907,"MEDTRONIC PLC",7228,1613103,"G5960L103",1990
"169","MGM",438,"MGM Resorts International",0.033905,6539,"MGM RESORTS INTERNATIONAL",14418,789570,"552953101",1990
"170","MKC",302,"McCormick & Company Incorporated",0.063432,4877,"MCCORMICK & CO INC",7146,63754,"579780206",1990
"171","MMC",91,"Marsh & McLennan Companies Inc.",0.236324,4878,"MARSH & MCLENNAN COS",7065,62709,"571748102",1990
"172","MMM",92,"3M Company",0.234163,8044,"3M CO",7435,66740,"88579Y101",1990
"173","MNST",201,"Monster Beverage Corporation",0.105291,7305,"MONSTER BEVERAGE CORP",24316,865752,"61174X109",1990
"174","MO",94,"Altria Group Inc",0.231131,5396,"ALTRIA GROUP INC",8543,764180,"02209S103",1990
"175","MRK",27,"Merck & Co. Inc.",0.642522,3133,"MERCK & CO",7257,310158,"58933Y105",1990
"176","MRO",357,"Marathon Oil Corporation",0.049012,1136,"MARATHON OIL CORP",7017,101778,"565849106",1990
"177","MS",65,"Morgan Stanley",0.339006,6914,"MORGAN STANLEY",12124,895421,"617446448",1990
"178","MSFT",2,"Microsoft Corporation",5.960905,2096,"MICROSOFT CORP",12141,789019,"594918104",1990
"179","MSI",184,"Motorola Solutions Inc.",0.115887,2548,"MOTOROLA SOLUTIONS INC",7585,68505,"620076307",1990
"180","MTB",234,"M&T Bank Corporation",0.089792,1610,"M & T BANK CORP",4699,36270,"55261F104",1990
"181","MU",107,"Micron Technology Inc.",0.201692,6916,"MICRON TECHNOLOGY INC",7343,723125,"595112103",1990
"182","NDSN",426,"Nordson Corporation",0.035719,4990,"NORDSON CORP",7921,72331,"655663102",1990
"183","NEE",40,"NextEra Energy Inc.",0.488086,3590,"NEXTERA ENERGY INC",4517,753308,"65339F101",1990
"184","NEM",206,"Newmont Corporation",0.103273,6581,"NEWMONT CORP",7881,1164727,"651639106",1990
"185","NI",427,"NiSource Inc",0.035423,3518,"NISOURCE INC",7974,1111711,"65473P105",1990
"186","NKE",49,"NIKE Inc. Class B",0.412639,6727,"NIKE INC  -CL B",7906,320187,"654106103",1990
"187","NLOK",399,"NortonLifeLock Inc.",0.041499,3918,"NORTONLIFELOCK INC",15855,849399,"668771108",1990
"188","NOC",103,"Northrop Grumman Corp.",0.204169,3558,"NORTHROP GRUMMAN CORP",7985,1133421,"666807102",1990
"189","NSC",127,"Norfolk Southern Corporation",0.172021,3851,"NORFOLK SOUTHERN CORP",7923,702165,"655844108",1990
"190","NTRS",324,"Northern Trust Corporation",0.059124,2128,"NORTHERN TRUST CORP",7982,73124,"665859104",1990
"191","NUE",210,"Nucor Corporation",0.101963,1902,"NUCOR CORP",8030,73309,"670346105",1990
"192","NVR",416,"NVR Inc.",0.038022,234,"NVR INC",12459,906163,"62944T105",1990
"193","NWL",485,"Newell Brands Inc",0.021733,9354,"NEWELL BRANDS INC",7875,814453,"651229106",1990
"194","ODFL",262,"Old Dominion Freight Line Inc.",0.079529,6186,"OLD DOMINION FREIGHT",24617,878927,"679580100",1990
"195","OKE",269,"ONEOK Inc.",0.075529,787,"ONEOK INC",8151,1039684,"682680103",1990
"196","OMC",396,"Omnicom Group Inc",0.041812,1842,"OMNICOM GROUP INC",4066,29989,"681919106",1990
"197","ORCL",63,"Oracle Corporation",0.347945,4951,"ORACLE CORP",12142,1341439,"68389X105",1990
"198","OXY",132,"Occidental Petroleum Corporation",0.16799,1307,"OCCIDENTAL PETROLEUM CORP",8068,797468,"674599105",1990
"199","PARA",389,"Paramount Global Class B",0.042712,3277,"PARAMOUNT GLOBAL",13714,813828,"92556H206",1990
"200","PAYX",180,"Paychex Inc.",0.116589,5667,"PAYCHEX INC",8402,723531,"704326107",1990
"201","PCAR",233,"PACCAR Inc",0.090275,2879,"PACCAR INC",8253,75362,"693718108",1990
"202","PEAK",391,"Healthpeak Properties Inc.",0.042391,1771,"HEALTHPEAK PROPERTIES INC",13125,765880,"42250P103",1990
"203","PEG",226,"Public Service Enterprise Group Inc",0.094943,5778,"PUBLIC SERVICE ENTRP GRP INC",8810,788784,"744573106",1990
"204","PEP",23,"PepsiCo Inc.",0.70371,4600,"PEPSICO INC",8479,77476,"713448108",1990
"205","PFE",19,"Pfizer Inc.",0.808569,107,"PFIZER INC",8530,78003,"717081103",1990
"206","PG",13,"Procter & Gamble Company",0.987723,1850,"PROCTER & GAMBLE CO",8762,80424,"742718109",1990
"207","PGR",112,"Progressive Corporation",0.191992,2557,"PROGRESSIVE CORP-OHIO",13341,80661,"743315103",1990
"208","PH",199,"Parker-Hannifin Corporation",0.106218,3993,"PARKER-HANNIFIN CORP",8358,76334,"701094104",1990
"209","PHM",454,"PulteGroup Inc.",0.028739,2475,"PULTEGROUP INC",8823,822416,"745867101",1990
"210","PKI",334,"PerkinElmer Inc.",0.056163,2234,"PERKINELMER INC",4145,31791,"714046109",1990
"211","PNC",109,"PNC Financial Services Group Inc.",0.195884,5801,"PNC FINANCIAL SVCS GROUP INC",8245,713676,"693475105",1990
"212","PNR",482,"Pentair plc",0.022972,2323,"PENTAIR PLC",8463,77360,"G7S00T104",1990
"213","PNW",477,"Pinnacle West Capital Corporation",0.024121,4258,"PINNACLE WEST CAPITAL CORP",1075,764622,"723484101",1990
"214","PPG",242,"PPG Industries Inc.",0.086615,90,"PPG INDUSTRIES INC",8247,79879,"693506107",1990
"215","PPL",305,"PPL Corporation",0.063159,1326,"PPL CORP",8455,922224,"69351T106",1990
"216","PSA",152,"Public Storage",0.142146,8395,"PUBLIC STORAGE",10096,1393311,"74460D109",1990
"217","PTC",422,"PTC Inc.",0.036803,6689,"PTC INC",18699,857005,"69370C100",1990
"218","PVH",501,"PVH Corp.",0.012641,6924,"PVH CORP",8551,78239,"693656100",1990
"219","PXD",146,"Pioneer Natural Resources Company",0.148998,2855,"PIONEER NATURAL RESOURCES CO",14359,1038357,"723787107",1990
"220","REGN",121,"Regeneron Pharmaceuticals Inc.",0.180124,5833,"REGENERON PHARMACEUTICALS",23812,872589,"75886F107",1990
"221","RF",331,"Regions Financial Corporation",0.057069,8376,"REGIONS FINANCIAL CORP",4674,1281761,"7591EP100",1990
"222","RHI",472,"Robert Half International Inc.",0.024996,639,"ROBERT HALF INTL INC",2312,315213,"770323103",1990
"223","RJF",338,"Raymond James Financial Inc.",0.055254,7856,"RAYMOND JAMES FINANCIAL INC",8898,720005,"754730109",1990
"224","ROK",250,"Rockwell Automation Inc.",0.082986,3270,"ROCKWELL AUTOMATION",9203,1024478,"773903109",1990
"225","ROL",474,"Rollins Inc.",0.024756,9228,"ROLLINS INC",9225,84839,"775711104",1990
"226","ROST",256,"Ross Stores Inc.",0.081948,2380,"ROSS STORES INC",9248,745732,"778296103",1990
"227","RTX",52,"Raytheon Technologies Corporation",0.404775,5051,"RAYTHEON TECHNOLOGIES CORP",10983,101829,"75513E101",1990
"228","SCHW",69,"Charles Schwab Corp",0.295455,2101,"SCHWAB (CHARLES) CORP",13988,316709,"808513105",1990
"229","SEE",476,"Sealed Air Corporation",0.024282,7762,"SEALED AIR CORP",9555,1012100,"81211K100",1990
"230","SHW",129,"Sherwin-Williams Company",0.169462,6216,"SHERWIN-WILLIAMS CO",9667,89800,"824348106",1990
"231","SIVB",292,"SVB Financial Group",0.067576,9459,"SVB FINANCIAL GROUP",17120,719739,"78486Q101",1990
"232","SJM",395,"J.M. Smucker Company",0.041827,3742,"SMUCKER (JM) CO",9777,91419,"832696405",1990
"233","SLB",144,"Schlumberger NV",0.150401,782,"SCHLUMBERGER LTD",9465,87347,"806857108",1990
"234","SNA",434,"Snap-on Incorporated",0.034453,7093,"SNAP-ON INC",9778,91440,"833034101",1990
"235","SO",93,"Southern Company",0.232741,8134,"SOUTHERN CO",9850,92122,"842587107",1990
"236","SPGI",56,"S&P Global Inc.",0.372239,7832,"S&P GLOBAL INC",7163,64040,"78409V104",1990
"237","SRE",145,"Sempra Energy",0.149212,6044,"SEMPRA ENERGY",8272,1032208,"816851109",1990
"238","STT",274,"State Street Corporation",0.072929,7939,"STATE STREET CORP",10035,93751,"857477103",1990
"239","STZ",182,"Constellation Brands Inc. Class A",0.116172,7282,"CONSTELLATION BRANDS",2710,16918,"21036P108",1990
"240","SWK",403,"Stanley Black & Decker Inc.",0.041182,1276,"STANLEY BLACK & DECKER INC",10016,93556,"854502101",1990
"241","SWKS",349,"Skyworks Solutions Inc.",0.051483,6710,"SKYWORKS SOLUTIONS INC",1327,4127,"83088M102",1990
"242","SYK",101,"Stryker Corporation",0.207077,8740,"STRYKER CORP",10115,310764,"863667101",1990
"243","SYY",169,"Sysco Corporation",0.125254,629,"SYSCO CORP",10247,96021,"871829107",1990
"244","T",53,"AT&T Inc.",0.381191,844,"AT&T INC",9899,732717,"00206R102",1990
"245","TAP",451,"Molson Coors Beverage Company Class B",0.029206,8510,"MOLSON COORS BEVERAGE CO",3505,24545,"60871R209",1990
"246","TECH",386,"Bio-Techne Corporation",0.043381,9452,"BIO-TECHNE CORP",15414,842023,"09073M104",1990
"247","TER",368,"Teradyne Inc.",0.046564,48,"TERADYNE INC",10453,97210,"880770102",1990
"248","TFC",113,"Truist Financial Corporation",0.190866,4887,"TRUIST FINANCIAL CORP",11856,92230,"89832Q109",1990
"249","TFX",440,"Teleflex Incorporated",0.033776,398,"TELEFLEX INC",10407,96943,"879369106",1990
"250","TGT",98,"Target Corporation",0.219241,2195,"TARGET CORP",3813,27419,"87612E106",1990
"251","TJX",100,"TJX Companies Inc",0.209945,407,"TJX COS INC (THE)",11672,109198,"872540109",1990
"252","TMO",26,"Thermo Fisher Scientific Inc.",0.665347,1272,"THERMO FISHER SCIENTIFIC INC",10530,97745,"883556102",1990
"253","TRMB",355,"Trimble Inc.",0.049693,3305,"TRIMBLE INC",22815,864749,"896239100",1990
"254","TROW",259,"T. Rowe Price Group",0.081318,7062,"PRICE (T. ROWE) GROUP",12138,1113169,"74144T108",1990
"255","TSN",271,"Tyson Foods Inc. Class A",0.07436,3688,"TYSON FOODS INC  -CL A",10793,100493,"902494103",1990
"256","TT",220,"Trane Technologies plc",0.09807,7352,"TRANE TECHNOLOGIES PLC",5959,1466258,"G8994E103",1990
"257","TXN",42,"Texas Instruments Incorporated",0.473407,3724,"TEXAS INSTRUMENTS INC",10499,97476,"882508104",1990
"258","TXT",402,"Textron Inc.",0.041271,8757,"TEXTRON INC",10519,217346,"883203101",1990
"259","TYL",364,"Tyler Technologies Inc.",0.047255,7583,"TYLER TECHNOLOGIES INC",10789,860731,"902252105",1990
"260","UAL",435,"United Airlines Holdings Inc.",0.034445,2139,"UNITED AIRLINES HOLDINGS INC",10795,100517,"910047109",1990
"261","UDR",409,"UDR Inc.",0.040091,2255,"UDR INC",10894,74208,"902653104",1990
"262","UHS",488,"Universal Health Services Inc. Class B",0.021395,6946,"UNIVERSAL HEALTH SVCS INC",11032,352915,"913903100",1990
"263","UNH",8,"UnitedHealth Group Incorporated",1.458253,2502,"UNITEDHEALTH GROUP INC",10903,731766,"91324P102",1990
"264","UNP",51,"Union Pacific Corporation",0.405254,5092,"UNION PACIFIC CORP",10867,100885,"907818108",1990
"265","UPS",50,"United Parcel Service Inc. Class B",0.412211,793,"UNITED PARCEL SERVICE INC",10920,1090727,"911312106",1990
"266","USB",115,"U.S. Bancorp",0.183303,3287,"US BANCORP",4723,36104,"902973304",1990
"267","VFC",401,"V.F. Corporation",0.041319,3316,"VF CORP",11060,103379,"918204108",1990
"268","VLO",160,"Valero Energy Corporation",0.133118,8763,"VALERO ENERGY CORP",15247,1035002,"91913Y100",1990
"269","VMC",306,"Vulcan Materials Company",0.06269,4786,"VULCAN MATERIALS CO",11228,1396009,"929160109",1990
"270","VNO",498,"Vornado Realty Trust",0.013362,8860,"VORNADO REALTY TRUST",11220,899689,"929042109",1990
"271","VRTX",104,"Vertex Pharmaceuticals Incorporated",0.203132,498,"VERTEX PHARMACEUTICALS INC",24344,875320,"92532F100",1990
"272","VTRS",439,"Viatris Inc.",0.033824,94,"VIATRIS INC",7637,1792044,"92556V106",1990
"273","VZ",33,"Verizon Communications Inc.",0.552217,8024,"VERIZON COMMUNICATIONS INC",2136,732712,"92343V104",1990
"274","WBA",260,"Walgreens Boots Alliance Inc.",0.080775,3734,"WALGREENS BOOTS ALLIANCE INC",11264,1618921,"931427108",1990
"275","WDC",382,"Western Digital Corporation",0.043866,6139,"WESTERN DIGITAL CORP",11399,106040,"958102105",1990
"276","WEC",227,"WEC Energy Group Inc",0.094205,8396,"WEC ENERGY GROUP INC",11550,783325,"92939U106",1990
"277","WELL",190,"Welltower Inc",0.110159,3070,"WELLTOWER INC",5543,766704,"95040Q104",1990
"278","WFC",43,"Wells Fargo & Company",0.471357,9116,"WELLS FARGO & CO",8007,72971,"949746101",1990
"279","WHR",460,"Whirlpool Corporation",0.027335,5782,"WHIRLPOOL CORP",11465,106640,"963320106",1990
"280","WM",117,"Waste Management Inc.",0.181438,5096,"WASTE MANAGEMENT INC",14477,823768,"94106L109",1990
"281","WMB",185,"Williams Companies Inc.",0.115034,256,"WILLIAMS COS INC",11506,107263,"969457100",1990
"282","WMT",36,"Walmart Inc.",0.540207,8578,"WALMART INC",11259,104169,"931142103",1990
"283","WRB",420,"W. R. Berkley Corporation",0.037032,568,"BERKLEY (W R) CORP",14822,11544,"084423102",1990
"284","WST",277,"West Pharmaceutical Services Inc.",0.072241,3437,"WEST PHARMACEUTICAL SVSC INC",11376,105770,"955306105",1990
"285","WY",266,"Weyerhaeuser Company",0.077494,1502,"WEYERHAEUSER CO",11456,106535,"962166104",1990
"286","XEL",183,"Xcel Energy Inc.",0.116018,5654,"XCEL ENERGY INC",7977,72903,"98389B100",1990
"287","XOM",11,"Exxon Mobil Corporation",1.149246,6460,"EXXON MOBIL CORP",4503,34088,"30231G102",1990
"288","XRAY",483,"DENTSPLY SIRONA Inc.",0.022399,7630,"DENTSPLY SIRONA INC",13700,818479,"24906P109",1990
"289","ZBRA",353,"Zebra Technologies Corporation Class A",0.049767,7095,"ZEBRA TECHNOLOGIES CP  -CL A",24405,877212,"989207105",1990
"290","ZION",480,"Zions Bancorporation N.A.",0.023289,4150,"ZIONS BANCORPORATION NA",11687,109380,"989701107",1990
